,agente,planta,hora_1,hora_2,hora_3,hora_4,hora_5,hora_6,hora_7,hora_8,hora_9,hora_10,hora_11,hora_12,hora_13,hora_14,hora_15,hora_16,hora_17,hora_18,hora_19,hora_20,hora_21,hora_22,hora_23,hora_24
0,aes chivor,chivor1,125,125,125,125,125,125,125,125,125,125,125,125,125,125,125,125,125,125,125,125,125,125,125,125
1,aes chivor,chivor2,125,125,125,125,125,125,125,125,125,125,125,125,125,125,125,125,125,125,125,125,125,125,125,125
2,aes chivor,chivor3,125,125,125,125,125,125,125,125,125,125,125,125,125,125,125,125,125,125,125,125,125,125,125,125
3,aes chivor,chivor4,125,125,125,125,125,125,125,125,125,125,125,125,125,125,125,125,125,125,125,125,125,125,125,125
4,aes chivor,chivor5,125,125,125,125,125,125,125,125,125,125,125,125,125,125,125,125,125,125,125,125,125,125,125,125
5,aes chivor,chivor6,125,125,125,125,125,125,125,125,125,125,125,125,125,125,125,125,125,125,125,125,125,125,125,125
6,aes chivor,chivor7,125,125,125,125,125,125,125,125,0,0,0,0,0,0,0,0,0,0,0,0,0,0,0,0
7,aes chivor,chivor8,125,125,125,125,125,125,125,125,125,125,125,125,125,125,125,125,125,125,125,125,125,125,125,125
8,aes chivor,tunjita,19.60,19.60,19.60,19.60,19.60,19.60,19.60,19.60,19.60,19.60,19.60,19.60,19.60,19.60,19.60,19.60,19.60,19.60,19.60,19.60,19.60,19.60,19.60,19.60
9,axia energia,autogunibol,1.00,1.00,1.00,1.00,1.00,1.00,1.00,1.00,1.00,1.00,1.00,1.00,1.00,1.00,1.00,1.00,1.00,1.00,1.00,1.00,1.00,1.00,1.00,1.00
10,biogas doña juana,doñajuana,0.60,0.60,0.60,0.60,0.60,0.60,0.60,0.60,0.60,0.60,0.60,0.60,0.60,0.60,0.60,0.60,0.60,0.60,0.60,0.60,0.60,0.60,0.60,0.60
11,c.t. el morro 2,cimarron,19.90,19.90,19.90,19.90,19.90,19.90,19.90,19.90,19.90,19.90,19.90,19.90,19.90,19.90,19.90,19.90,19.90,19.90,19.90,19.90,19.90,19.90,19.90,19.90
12,c.t. el morro 2,elmorro2,19.90,19.90,19.90,19.90,19.90,19.90,19.90,19.90,19.90,19.90,19.90,19.90,19.90,19.90,19.90,19.90,19.90,19.90,19.90,19.90,19.90,19.90,19.90,19.90
13,c.t. el morro 2,elmorro1,19.90,19.90,19.90,19.90,19.90,19.90,19.90,19.90,19.90,19.90,19.90,19.90,19.90,19.90,19.90,19.90,19.90,19.90,19.90,19.90,19.90,19.90,19.90,19.90
14,cascada,sanmiguel1,22,22,22,22,22,22,22,22,22,22,22,22,22,22,22,22,22,22,22,22,22,22,22,22
15,cascada,sanmiguel2,22,22,22,22,22,22,22,22,22,22,22,22,22,22,22,22,22,22,22,22,22,22,22,22
16,cascada,elpopal1,7.94,7.94,7.94,7.94,7.94,7.94,7.94,7.94,7.94,7.94,7.94,7.94,7.94,7.94,7.94,7.94,7.94,7.94,7.94,7.94,7.94,7.94,7.94,7.94
17,cascada,elpopal2,7.94,7.94,7.94,7.94,7.94,7.94,7.94,7.94,7.94,7.94,7.94,7.94,7.94,7.94,7.94,7.94,7.94,7.94,7.94,7.94,7.94,7.94,7.94,7.94
18,cascada,elmolino1,6.06,6.06,6.06,6.06,6.06,6.06,6.06,6.06,6.06,6.06,6.06,6.06,6.06,6.06,6.06,6.06,6.06,6.06,6.06,6.06,6.06,6.06,6.06,6.06
19,cascada,elmolino2,6.06,6.06,6.06,6.06,6.06,6.06,6.06,6.06,6.06,6.06,6.06,6.06,6.06,6.06,6.06,6.06,6.06,6.06,6.06,6.06,6.06,6.06,6.06,6.06
20,cascada,sanmatias1,5.00,5.00,5.00,5.00,5.00,5.00,5.00,5.00,5.00,5.00,5.00,5.00,5.00,5.00,5.00,5.00,5.00,5.00,5.00,5.00,5.00,5.00,5.00,5.00
21,cascada,sanmatias2,5.00,5.00,5.00,5.00,5.00,5.00,5.00,5.00,5.00,5.00,5.00,5.00,5.00,5.00,5.00,5.00,5.00,5.00,5.00,5.00,5.00,5.00,5.00,5.00
22,cascada,lacascada(antioquia),2.30,2.30,2.30,2.30,2.30,2.30,2.30,2.30,2.30,2.30,2.30,2.30,2.30,2.30,2.30,2.30,2.30,2.30,2.30,2.30,2.30,2.30,2.30,2.30
23,cascada,caruquia,4.14,4.14,4.14,4.14,4.14,4.14,4.14,4.14,4.14,4.14,4.14,4.14,4.14,4.14,4.14,4.14,4.14,4.14,4.14,4.14,4.14,4.14,4.14,4.14
24,cascada,guanaquitas,5.78,5.78,5.78,5.78,5.78,5.78,5.78,5.78,5.78,5.78,5.78,5.78,5.78,5.78,5.78,5.78,5.78,5.78,5.78,5.78,5.78,5.78,5.78,5.78
25,cascada,barroso,19.25,19.25,19.25,19.25,19.25,19.25,19.25,19.25,19.25,19.25,19.25,19.25,19.25,19.25,19.25,19.25,19.25,19.25,19.25,19.25,19.25,19.25,19.25,19.25
26,ccg energy sas esp,patico-lacabrera,1.30,1.30,1.30,1.30,1.30,1.30,1.30,1.30,1.30,1.30,1.30,1.30,1.30,1.30,1.30,1.30,1.30,1.30,1.30,1.30,1.30,1.30,1.30,1.30
27,cedenar,riomayo1,0.00,0.00,0.00,0.00,0.00,6.60,6.60,6.60,6.60,6.60,6.60,6.60,6.60,6.60,6.60,6.60,6.60,6.60,6.60,6.60,6.60,6.60,6.60,6.60
28,cedenar,riomayo2,0.00,0.00,0.00,0.00,0.00,6.52,6.52,6.52,6.52,6.52,6.52,0.00,0.00,0.00,0.00,0.00,6.52,6.52,6.52,6.52,6.52,6.52,6.52,6.52
29,cedenar,riomayo3,6.52,6.52,6.52,6.52,6.52,6.52,6.52,6.52,6.52,6.52,6.52,0.00,0.00,0.00,0.00,0.00,6.52,6.52,6.52,6.52,6.52,6.52,6.52,6.52
30,cedenar,riosapuyes,1.14,1.14,1.14,1.14,1.14,1.14,1.14,1.14,1.14,1.14,1.14,1.14,1.14,1.14,1.14,1.14,1.14,1.14,1.14,1.14,1.14,1.14,1.14,1.14
31,cedenar,rioingenio,0.00,0.00,0.00,0.00,0.00,0.00,0.00,0.00,0.00,0.00,0.00,0.00,0.00,0.00,0.00,0.00,0.00,0.00,0.00,0.00,0.00,0.00,0.00,0.00
32,cedenar,juliobravo,0.81,0.81,0.81,0.81,0.81,0.81,0.81,0.81,0.81,0.81,0.81,0.81,0.81,0.81,0.81,0.81,0.81,0.81,0.81,0.81,0.81,0.81,0.81,0.81
33,cedenar,riobobo,4.00,4.00,4.00,4.00,4.00,4.00,4.00,4.00,4.00,4.00,4.00,4.00,4.00,4.00,4.00,4.00,4.00,4.00,4.00,4.00,4.00,4.00,4.00,4.00
34,celsia,merilectrica1,167,167,167,167,167,167,167,167,167,167,167,167,167,167,167,167,167,167,167,167,167,167,167,167
35,celsia,hidromontañitas1,7.00,7.00,7.00,7.00,7.00,7.00,6.00,6.00,6.00,6.00,6.00,6.00,6.00,8.00,9.00,9.00,9.00,9.00,9.00,9.00,9.00,9.00,9.00,9.00
36,celsia,hidromontañitas2,7.00,7.00,7.00,7.00,7.00,7.00,6.00,6.00,6.00,6.00,6.00,6.00,6.00,8.00,9.00,9.00,9.00,9.00,9.00,9.00,9.00,9.00,9.00,9.00
37,celsia,riopiedras1,9.00,9.00,9.00,9.00,9.00,9.00,9.00,9.00,9.00,9.00,9.00,9.00,9.00,9.00,9.00,9.00,9.00,8.00,8.00,4.00,5.00,7.00,9.00,9.00
38,celsia,riopiedras2,9.00,9.00,9.00,9.00,9.00,9.00,9.00,9.00,9.00,9.00,9.00,9.00,9.00,9.00,9.00,9.00,9.00,8.00,8.00,4.00,5.00,7.00,9.00,9.00
39,celsia,autogargoselcairo,0.00,0.00,0.00,1.00,3.00,3.00,3.00,3.00,3.00,3.00,3.00,3.00,3.00,3.00,3.00,0.00,0.00,0.00,0.00,1.00,3.00,3.00,3.00,3.00
40,celsia,autogargoscartagena,0.00,0.00,0.00,0.00,0.00,0.00,0.00,0.00,0.00,1.00,0.00,0.00,0.00,0.00,0.00,0.00,0.00,0.00,0.00,0.00,0.00,0.00,0.00,0.00
41,celsia,autogargosyumbo,0.00,0.00,0.00,0.00,0.00,0.00,0.00,0.00,0.00,0.00,0.00,0.00,0.00,0.00,0.00,0.00,0.00,0.00,0.00,0.00,0.00,0.00,0.00,0.00
42,cemex energy,sueva2,0.00,0.00,0.00,0.00,0.00,0.00,0.00,0.00,0.00,0.00,0.00,0.00,0.00,0.00,0.00,0.00,0.00,0.00,0.00,0.00,0.00,0.00,0.00,0.00
43,cemex energy,currucucues,0.00,0.00,0.00,0.00,0.00,0.00,0.00,0.00,0.00,0.00,0.00,0.00,0.00,0.00,0.00,0.00,0.00,0.00,0.00,0.00,0.00,0.00,0.00,0.00
44,cemex energy,bioenergy,0.00,0.00,0.00,0.00,0.00,0.00,0.00,0.00,0.00,0.00,0.00,0.00,0.00,0.00,0.00,0.00,0.00,0.00,0.00,0.00,0.00,0.00,0.00,0.00
45,cetsa(tulua),riofrioii1,5.00,5.00,5.00,4.00,4.00,5.00,4.00,4.00,4.00,4.00,4.00,4.00,4.00,3.00,3.00,4.00,5.00,5.00,4.00,4.00,5.00,5.00,4.00,5.00
46,cetsa(tulua),riofrioii2,5.00,5.00,5.00,4.00,4.00,5.00,4.00,4.00,4.00,4.00,4.00,4.00,4.00,3.00,3.00,4.00,5.00,5.00,4.00,4.00,5.00,5.00,4.00,5.00
47,cetsa(tulua),riofrioi,1.00,1.00,1.00,1.00,1.00,1.00,1.00,1.00,1.00,1.00,1.00,1.00,1.00,1.00,1.00,1.00,1.00,1.00,1.00,1.00,1.00,1.00,1.00,1.00
48,cetsa(tulua),rumor,2.00,2.00,2.00,2.00,2.00,2.00,2.00,2.00,2.00,2.00,2.00,2.00,2.00,2.00,2.00,2.00,2.00,2.00,2.00,2.00,2.00,2.00,2.00,2.00
49,ch el eden,elcocuyo,0.00,0.00,0.00,0.00,0.00,0.00,0.00,0.00,0.12,0.12,0.00,0.15,0.15,0.00,0.40,0.60,0.70,0.70,0.00,0.00,0.00,0.00,0.00,0.00
50,ch el eden,eledén,4.00,4.00,4.00,4.00,4.00,4.00,4.00,4.00,6.00,6.00,6.00,6.00,6.00,6.00,6.00,4.90,4.90,4.90,4.90,4.90,4.90,4.90,4.90,4.90
51,chc s.a.s. e.s.p.,magallo,5.70,5.70,5.70,5.70,5.70,5.70,5.70,5.70,5.70,5.70,5.70,5.70,5.70,5.70,5.70,5.70,5.70,5.70,5.70,5.70,5.70,5.70,5.70,5.70
52,diceler,ingeniosancarlos1,0.00,0.00,0.00,0.00,0.00,0.00,0.00,0.00,0.00,0.00,0.00,0.00,0.00,0.00,0.00,0.00,0.00,0.00,0.00,0.00,0.00,0.00,0.00,0.00
53,eep(pereira),nuevolibare,3.90,3.90,3.90,3.90,3.90,3.90,3.90,3.90,3.90,3.90,3.90,3.90,3.90,3.90,3.90,3.90,3.90,3.90,3.90,3.90,3.90,3.90,3.90,3.90
54,eep(pereira),belmonte,3.40,3.40,3.40,3.40,3.40,3.40,3.40,3.40,3.40,3.40,3.40,3.40,3.40,3.40,3.40,3.40,3.40,3.40,3.40,3.40,3.40,3.40,3.40,3.40
55,eep(pereira),ingeniorisaralda1,15.00,15.00,15.00,15.00,15.00,15.00,15.00,15.00,15.00,15.00,15.00,15.00,15.00,15.00,15.00,15.00,15.00,15.00,15.00,15.00,15.00,15.00,15.00,15.00
56,eeppm,esmeralda1,14,14,14,14,14,14,14,14,14,14,14,14,14,14,14,14,14,14,14,14,14,14,14,14
57,eeppm,esmeralda2,14,14,14,14,14,14,14,14,14,14,14,14,14,14,14,14,14,14,14,14,14,14,14,14
58,eeppm,guatape1,70,70,70,70,70,70,70,70,70,70,70,70,70,70,70,70,70,70,70,70,70,70,70,70
59,eeppm,guatape2,70,70,70,70,70,70,70,70,70,70,70,70,70,70,70,70,70,70,70,70,70,70,70,70
60,eeppm,guatape3,70,70,70,70,70,70,70,70,70,70,70,70,70,70,70,70,70,70,70,70,70,70,70,70
61,eeppm,guatape4,70,70,70,70,70,70,70,70,70,70,70,70,70,70,70,70,70,70,70,70,70,70,70,70
62,eeppm,guatape5,70,70,70,70,70,70,70,70,70,70,70,70,70,70,70,70,70,70,70,70,70,70,70,70
63,eeppm,guatape6,70,70,70,70,70,70,70,70,70,70,70,70,70,70,70,70,70,70,70,70,70,70,70,70
64,eeppm,guatape7,70,70,70,70,70,70,70,70,70,70,70,70,70,70,70,70,70,70,70,70,70,70,70,70
65,eeppm,guatape8,70,70,70,70,70,70,70,70,70,70,70,70,70,70,70,70,70,70,70,70,70,70,70,70
66,eeppm,latasajera1,102,102,102,102,102,102,102,102,102,102,102,102,102,102,102,102,102,102,102,102,102,102,102,102
67,eeppm,latasajera2,102,102,102,102,102,102,102,102,102,102,102,102,102,102,102,102,102,102,102,102,102,102,102,102
68,eeppm,latasajera3,102,102,102,102,102,102,102,102,102,102,102,102,102,102,102,102,102,102,102,102,102,102,102,102
69,eeppm,playas1,0,0,0,0,0,0,0,0,0,0,0,0,0,0,0,0,0,0,0,0,0,0,0,0
70,eeppm,playas2,69,69,69,69,69,69,69,69,69,69,69,69,69,69,69,69,69,69,69,69,69,69,69,69
71,eeppm,playas3,0,0,0,0,0,0,0,0,0,0,0,0,0,0,0,0,0,0,0,0,0,0,0,0
72,eeppm,sanfrancisco1,0,0,0,0,0,0,0,45,45,45,45,45,0,0,0,0,0,45,45,45,45,0,0,0
73,eeppm,sanfrancisco2,0,0,0,0,0,0,0,45,45,45,45,45,0,0,0,0,0,0,45,45,45,0,0,0
74,eeppm,sanfrancisco3,0,0,0,0,0,0,0,0,0,0,0,0,0,0,0,0,0,0,45,45,45,0,0,0
75,eeppm,guadalupe31,45,45,45,45,45,45,45,45,45,45,45,45,45,45,45,45,45,45,45,45,45,45,45,45
76,eeppm,guadalupe32,45,45,45,45,45,45,45,45,45,45,45,45,45,45,45,45,45,45,45,45,45,45,45,45
77,eeppm,guadalupe33,0,0,0,0,0,0,0,0,0,0,0,0,0,0,0,0,0,0,0,0,0,0,0,0
78,eeppm,guadalupe34,0,0,0,0,0,0,0,0,0,0,0,0,0,0,0,0,0,0,0,0,0,0,0,0
79,eeppm,guadalupe35,0,0,0,0,0,0,0,0,0,0,0,0,0,0,0,0,0,0,0,0,0,0,0,0
80,eeppm,guadalupe36,0,0,0,0,0,0,0,0,0,0,0,0,0,0,0,0,0,0,0,0,0,0,0,0
81,eeppm,guadalupe41,67,67,67,67,67,67,67,67,67,67,67,67,67,67,67,67,67,67,67,67,67,67,67,67
82,eeppm,guadalupe42,0,0,0,0,0,0,0,0,0,0,0,0,0,0,0,0,0,0,0,0,0,0,0,0
83,eeppm,guadalupe43,0,0,0,0,0,0,0,0,0,0,0,0,0,0,0,0,0,0,0,0,0,0,0,0
84,eeppm,troneras1,20,20,20,20,20,20,20,20,20,20,20,20,20,20,20,20,20,20,20,20,20,20,20,20
85,eeppm,troneras2,20,20,20,20,20,20,20,20,20,20,20,20,20,20,20,20,20,20,20,20,20,20,20,20
86,eeppm,porceii1,135,135,135,135,135,135,135,135,135,135,135,135,135,135,135,135,135,135,135,135,135,135,135,135
87,eeppm,porceii2,135,135,135,135,135,135,135,135,135,135,135,135,135,135,135,135,135,135,135,135,135,135,135,135
88,eeppm,porceii3,135,135,135,135,135,135,135,135,135,135,135,135,135,135,135,135,135,135,135,135,135,135,135,135
89,eeppm,porceiii4,175,175,175,175,175,175,175,175,175,175,175,175,175,175,175,175,175,175,175,175,175,175,175,175
90,eeppm,porceiii3,175,175,175,175,175,175,175,175,175,175,175,175,175,175,175,175,175,175,175,175,175,175,175,175
91,eeppm,porceiii2,175,175,175,175,175,175,175,175,175,175,175,175,175,175,175,175,175,175,175,175,175,175,175,175
92,eeppm,porceiii1,175,175,175,175,175,175,175,175,175,175,175,175,175,175,175,175,175,175,175,175,175,175,175,175
93,eeppm,termosierrab,344,344,344,344,344,344,344,340,340,340,340,340,340,340,340,340,340,344,344,344,344,344,344,344
94,eeppm,termodorada1,23,23,23,23,23,23,23,23,22,22,21,21,21,21,21,21,21,21,22,22,23,23,23,23
95,eeppm,insula1,6.00,6.00,6.00,6.00,6.00,6.00,6.00,6.00,6.00,6.00,6.00,6.00,6.00,6.00,6.00,6.00,6.00,6.00,6.00,6.00,6.00,6.00,6.00,6.00
96,eeppm,insula2,0.00,0.00,0.00,0.00,0.00,0.00,0.00,0.00,0.00,0.00,0.00,0.00,0.00,0.00,0.00,0.00,0.00,0.00,0.00,0.00,0.00,0.00,0.00,0.00
97,eeppm,insula3,7.00,7.00,7.00,7.00,7.00,7.00,7.00,7.00,7.00,7.00,7.00,7.00,7.00,7.00,7.00,7.00,7.00,7.00,7.00,7.00,7.00,7.00,7.00,7.00
98,eeppm,laherradura1,9.30,9.30,9.30,9.30,9.30,9.30,9.30,9.30,9.30,9.30,9.30,9.30,9.30,9.30,9.30,9.30,9.30,9.30,9.30,9.30,9.30,9.30,9.30,9.30
99,eeppm,laherradura2,9.30,9.30,9.30,9.30,9.30,9.30,9.30,9.30,9.30,9.30,9.30,9.30,9.30,9.30,9.30,9.30,9.30,9.30,9.30,9.30,9.30,9.30,9.30,9.30
100,eeppm,america,0.41,0.41,0.41,0.41,0.41,0.41,0.41,0.41,0.41,0.41,0.41,0.41,0.41,0.41,0.41,0.41,0.41,0.41,0.41,0.41,0.41,0.41,0.41,0.41
101,eeppm,ayura,12.00,12.00,12.00,12.00,12.00,12.00,12.00,12.00,12.00,12.00,12.00,12.00,12.00,12.00,12.00,12.00,12.00,12.00,12.00,12.00,12.00,12.00,12.00,12.00
102,eeppm,bello,0.35,0.35,0.35,0.35,0.35,0.35,0.35,0.35,0.35,0.35,0.35,0.35,0.35,0.35,0.35,0.35,0.35,0.35,0.35,0.35,0.35,0.35,0.35,0.35
103,eeppm,campestre(epm),0.87,0.87,0.87,0.87,0.87,0.87,0.87,0.87,0.87,0.87,0.87,0.87,0.87,0.87,0.87,0.87,0.87,0.87,0.87,0.87,0.87,0.87,0.87,0.87
104,eeppm,manantiales,3.15,3.15,3.15,3.15,3.15,3.15,3.15,3.15,3.15,3.15,3.15,3.15,3.15,3.15,3.15,3.15,3.15,3.15,3.15,3.15,3.15,3.15,3.15,3.15
105,eeppm,cementosdelnare,4.50,4.50,4.50,4.50,4.50,4.50,4.50,4.50,4.50,4.50,4.50,4.50,4.50,4.50,4.50,4.50,4.50,4.50,4.50,4.50,4.50,4.50,4.50,4.50
106,eeppm,lavuelta,10.50,10.50,10.50,10.50,10.50,10.50,10.50,10.50,10.50,10.50,10.50,10.50,10.50,10.50,10.50,10.50,10.50,10.50,10.50,10.50,10.50,10.50,10.50,10.50
107,eeppm,caracoli,2.50,2.50,2.50,2.50,2.50,2.50,2.50,2.50,2.50,2.50,2.50,2.50,2.50,2.50,2.50,2.50,2.50,2.50,2.50,2.50,2.50,2.50,2.50,2.50
108,eeppm,riograndei,0.00,0.00,0.00,0.00,0.00,0.00,0.00,0.00,0.00,0.00,0.00,0.00,0.00,0.00,0.00,0.00,0.00,0.00,0.00,0.00,0.00,0.00,0.00,0.00
109,eeppm,sonson,10.50,10.50,10.50,10.50,10.50,10.50,10.50,10.50,10.50,10.50,10.50,10.50,10.50,10.50,10.50,10.50,10.50,10.50,10.50,10.50,10.50,10.50,10.50,10.50
110,eeppm,piedrasblancas,0.00,0.00,0.00,0.00,0.00,0.00,0.00,0.00,0.00,0.00,0.00,0.00,0.00,0.00,0.00,0.00,0.00,0.00,0.00,0.00,0.00,0.00,0.00,0.00
111,eeppm,sanjosedelamontaña,0.40,0.40,0.40,0.40,0.40,0.40,0.40,0.40,0.40,0.40,0.40,0.40,0.40,0.40,0.40,0.40,0.40,0.40,0.40,0.40,0.40,0.40,0.40,0.40
112,eeppm,amalfi,0.81,0.81,0.81,0.81,0.81,0.81,0.81,0.81,0.81,0.81,0.81,0.81,0.81,0.81,0.81,0.81,0.81,0.81,0.81,0.81,0.81,0.81,0.81,0.81
113,eeppm,riofrio(tamesis),0.73,0.73,0.73,0.73,0.73,0.73,0.73,0.73,0.73,0.73,0.73,0.73,0.73,0.73,0.73,0.73,0.73,0.73,0.73,0.73,0.73,0.73,0.73,0.73
114,eeppm,guacaica,0.00,0.00,0.00,0.00,0.00,0.00,0.00,0.00,0.00,0.00,0.00,0.00,0.00,0.00,0.00,0.00,0.00,0.00,0.00,0.00,0.00,0.00,0.00,0.00
115,eeppm,intermedia,0.00,0.00,0.00,0.00,0.00,0.00,0.00,0.00,0.00,0.00,0.00,0.00,0.00,0.00,0.00,0.00,0.00,0.00,0.00,0.00,0.00,0.00,0.00,0.00
116,eeppm,sancancio,1.55,1.55,1.55,1.55,1.55,1.55,1.55,1.55,1.55,1.55,1.55,1.55,1.55,1.55,1.55,1.55,1.55,1.55,1.55,1.55,1.55,1.55,1.55,1.55
117,eeppm,niquia,12.50,12.50,12.50,12.50,12.50,12.50,12.50,12.50,12.50,12.50,12.50,12.50,12.50,12.50,12.50,12.50,12.50,12.50,12.50,12.50,12.50,12.50,12.50,12.50
118,eeppm,nutibara,0.75,0.75,0.75,0.75,0.75,0.75,0.75,0.75,0.75,0.75,0.75,0.75,0.75,0.75,0.75,0.75,0.75,0.75,0.75,0.75,0.75,0.75,0.75,0.75
119,eeppm,rioabajo,0.00,0.00,0.00,0.00,0.00,0.00,0.00,0.00,0.00,0.00,0.00,0.00,0.00,0.00,0.00,0.00,0.00,0.00,0.00,0.00,0.00,0.00,0.00,0.00
120,eeppm,cascada,0.00,0.00,0.00,0.00,0.00,0.00,0.00,0.00,0.00,0.00,0.00,0.00,0.00,0.00,0.00,0.00,0.00,0.00,0.00,0.00,0.00,0.00,0.00,0.00
121,eeppm,pajarito,2.70,2.70,2.70,2.70,2.70,2.70,2.70,2.70,2.70,2.70,2.70,2.70,2.70,2.70,2.70,2.70,2.70,2.70,2.70,2.70,2.70,2.70,2.70,2.70
122,eeppm,palmassangil,0.00,0.00,0.00,0.00,0.00,0.00,0.00,0.00,0.00,0.00,0.00,0.00,0.00,0.00,0.00,0.00,0.00,0.00,0.00,0.00,0.00,0.00,0.00,0.00
123,eeppm,riogrande,0.30,0.30,0.30,0.30,0.30,0.30,0.30,0.30,0.30,0.30,0.30,0.30,0.30,0.30,0.30,0.30,0.30,0.30,0.30,0.30,0.30,0.30,0.30,0.30
124,eeppm,municipal,1.23,1.23,1.23,1.23,1.23,1.23,1.23,1.23,1.23,1.23,1.23,1.23,1.23,1.23,1.23,1.23,1.23,1.23,1.23,1.23,1.23,1.23,1.23,1.23
125,eeppm,porceiiimenor,1.00,1.00,1.00,1.00,1.00,1.00,1.00,1.00,1.00,1.00,1.00,1.00,1.00,1.00,1.00,1.00,1.00,1.00,1.00,1.00,1.00,1.00,1.00,1.00
126,eeppm,cogeneradorcoltejer1,0.00,0.00,0.00,0.00,0.00,0.00,0.00,0.00,0.00,0.00,0.00,0.00,0.00,0.00,0.00,0.00,0.00,0.00,0.00,0.00,0.00,0.00,0.00,0.00
127,eeppm,jepirachi1-15,0.00,0.00,0.00,0.00,0.00,0.00,0.00,0.00,0.00,1.00,0.00,1.00,1.26,1.59,2.43,2.35,2.06,1.96,1.08,1.00,1.00,1.00,1.00,1.00
128,electrohuila,iquirai,1.30,1.30,1.30,1.30,1.08,1.30,1.08,1.30,1.08,1.30,1.08,1.30,1.08,1.08,1.30,1.30,1.08,1.30,1.30,1.30,1.30,1.30,1.08,1.30
129,electrohuila,iquiraii,0.00,0.00,0.00,0.00,0.00,0.00,0.00,0.00,0.00,0.00,0.00,0.00,0.00,0.00,0.00,0.00,0.00,0.00,0.00,0.00,0.00,0.00,0.00,0.00
130,electrohuila,lapita,0.00,0.00,0.00,0.00,0.00,0.00,0.00,0.00,0.00,0.00,0.00,0.00,0.00,0.00,0.00,0.00,0.00,0.00,0.00,0.00,0.00,0.00,0.00,0.00
131,emee(popayan),coconuco,1.90,1.90,1.90,1.90,1.90,1.90,1.90,1.90,1.90,1.90,1.90,1.90,1.91,1.90,1.90,1.90,1.90,1.90,1.90,1.90,1.90,1.90,1.90,1.90
132,emgesa s.a.,betania1,152,152,152,152,152,152,152,152,152,152,152,152,152,152,152,152,152,152,152,152,152,152,152,152
133,emgesa s.a.,betania2,152,152,152,152,152,152,152,152,152,152,152,152,152,152,152,152,152,152,152,152,152,152,152,152
134,emgesa s.a.,betania3,152,152,152,152,152,152,152,152,152,152,152,152,152,152,152,152,152,152,152,152,152,152,152,152
135,emgesa s.a.,guavio1,243,243,243,243,243,243,243,243,243,243,243,243,243,243,243,243,243,243,243,243,243,243,243,243
136,emgesa s.a.,guavio2,243,243,243,243,243,243,243,243,243,243,243,243,243,243,243,243,243,243,243,243,243,243,243,243
137,emgesa s.a.,guavio3,243,243,243,243,243,243,243,243,243,243,243,243,243,243,243,243,243,243,243,243,243,243,243,243
138,emgesa s.a.,guavio4,243,243,243,243,243,243,243,243,243,243,243,243,243,243,243,243,243,243,243,243,243,243,243,243
139,emgesa s.a.,guavio5,243,243,243,243,243,243,243,243,243,243,243,243,243,243,243,243,243,243,243,243,243,243,243,243
140,emgesa s.a.,laguaca1,108,108,108,108,108,108,108,108,108,108,108,108,108,108,108,108,108,108,108,108,108,108,108,108
141,emgesa s.a.,laguaca2,108,108,108,108,108,108,108,108,108,108,108,108,108,108,108,108,108,108,108,108,108,108,108,108
142,emgesa s.a.,laguaca3,108,108,108,108,108,108,108,108,108,108,108,108,108,108,108,108,108,108,108,108,108,108,108,108
143,emgesa s.a.,paraiso1,92,92,92,92,92,92,92,92,92,92,92,92,92,92,92,92,92,92,92,92,92,92,92,92
144,emgesa s.a.,paraiso2,92,92,92,92,92,92,92,92,92,92,92,92,92,92,92,92,92,92,92,92,92,92,92,92
145,emgesa s.a.,paraiso3,92,92,92,92,92,92,92,92,92,92,92,92,92,92,92,92,92,92,92,92,92,92,92,92
146,emgesa s.a.,elquimbo1,177,177,177,177,177,177,177,177,177,177,177,177,177,177,177,177,177,177,177,177,177,177,177,177
147,emgesa s.a.,elquimbo2,177,177,177,177,177,177,177,177,177,177,177,177,177,177,177,177,177,177,177,177,177,177,177,177
148,emgesa s.a.,dariovalenciasamper1,50,0,0,0,0,0,0,50,50,50,50,50,50,50,50,50,50,50,50,50,50,50,50,50
149,emgesa s.a.,dariovalenciasamper2,50,0,0,0,0,0,0,50,50,50,50,50,50,50,50,50,50,50,50,50,50,50,50,50
150,emgesa s.a.,dariovalenciasamper5,50,0,0,0,0,0,0,50,50,50,50,50,50,50,50,50,50,50,50,50,50,50,50,50
151,emgesa s.a.,saltoii2,35,0,0,0,0,0,0,35,35,35,35,35,35,35,35,35,35,35,35,35,35,35,35,35
152,emgesa s.a.,cartagena1,61,61,61,61,61,61,61,61,61,61,61,61,61,61,61,61,61,61,61,61,61,61,61,61
153,emgesa s.a.,cartagena2,60,60,60,60,60,60,60,60,60,60,60,60,60,60,60,60,60,60,60,60,60,60,60,60
154,emgesa s.a.,cartagena3,66,66,66,66,66,66,66,66,66,66,66,66,66,66,66,66,66,66,66,66,66,66,66,66
155,emgesa s.a.,zipaemg2,34,34,34,34,34,34,34,34,34,34,34,34,34,34,34,34,34,34,34,34,34,34,34,34
156,emgesa s.a.,zipaemg3,63,63,63,63,63,63,63,63,63,63,63,63,63,63,63,63,63,63,63,63,63,63,63,63
157,emgesa s.a.,zipaemg4,64,64,64,64,64,64,64,64,64,64,64,64,64,64,64,64,64,64,64,64,64,64,64,64
158,emgesa s.a.,zipaemg5,63,63,63,63,63,63,63,63,63,63,63,63,63,63,63,63,63,63,63,63,63,63,63,63
159,emgesa s.a.,cantayus1,2.16,2.16,2.16,2.16,2.16,2.16,2.16,2.16,2.16,2.16,2.16,2.16,2.16,2.16,2.16,2.16,2.16,2.16,2.16,2.16,2.16,2.16,2.16,2.16
160,emgesa s.a.,cantayus2,2.16,2.16,2.16,2.16,2.16,2.16,2.16,2.16,2.16,2.16,2.16,2.16,2.16,2.16,2.16,2.16,2.16,2.16,2.16,2.16,2.16,2.16,2.16,2.16
161,emgesa s.a.,charquito,19.40,19.40,19.40,19.40,19.40,19.40,19.40,19.40,19.40,19.40,19.40,19.40,19.40,19.40,19.40,19.40,19.40,19.40,19.40,19.40,19.40,19.40,19.40,19.40
162,emgesa s.a.,ellimonar,18.00,18.00,18.00,18.00,18.00,18.00,18.00,18.00,18.00,18.00,18.00,18.00,18.00,18.00,18.00,18.00,18.00,18.00,18.00,18.00,18.00,18.00,18.00,18.00
163,emgesa s.a.,tequendama,19.00,19.00,19.00,19.00,19.00,19.00,19.00,19.00,19.00,19.00,19.00,19.00,19.00,19.00,19.00,19.00,19.00,19.00,19.00,19.00,19.00,19.00,19.00,19.00
164,emgesa s.a.,rionegro,2.00,2.00,2.00,2.00,2.00,2.00,2.00,2.00,2.00,2.00,2.00,2.00,2.00,2.00,2.00,2.00,2.00,2.00,2.00,2.00,2.00,2.00,2.00,2.00
165,emgesa s.a.,santaana,0.00,0.00,0.00,0.00,0.00,0.00,0.00,0.00,0.00,0.00,0.00,0.00,0.00,0.00,0.00,0.00,0.00,0.00,0.00,0.00,0.00,0.00,0.00,0.00
166,emgesa s.a.,suba,2.34,2.34,2.34,2.34,2.34,2.34,2.34,2.34,2.34,2.34,2.34,2.34,2.34,2.34,2.34,2.34,2.34,2.34,2.34,2.34,2.34,2.34,2.34,2.34
167,emgesa s.a.,usaquen,0.00,0.00,0.00,0.00,0.00,0.00,0.00,0.00,0.00,0.00,0.00,0.00,0.00,0.00,0.00,0.00,0.00,0.00,0.00,0.00,0.00,0.00,0.00,0.00
168,emgesa s.a.,laguneta,18.00,18.00,18.00,18.00,18.00,18.00,18.00,18.00,18.00,18.00,18.00,18.00,18.00,18.00,18.00,18.00,18.00,18.00,18.00,18.00,18.00,18.00,18.00,18.00
169,emgesa s.a.,guaviomenor,5.00,5.00,5.00,5.00,5.00,5.00,5.00,5.00,5.00,5.00,5.00,5.00,5.00,5.00,5.00,5.00,5.00,5.00,5.00,5.00,5.00,5.00,5.00,5.00
170,emgesa s.a.,autogreficar,9.00,9.00,9.00,9.00,9.00,9.00,9.00,9.00,9.00,9.00,9.00,9.00,9.00,9.00,9.00,9.00,9.00,9.00,9.00,9.00,9.00,9.00,9.00,9.00
171,emsa(meta),autogyaguarito,0.44,0.57,0.65,0.63,0.46,0.50,0.46,0.50,0.50,0.53,0.50,0.53,0.49,0.50,0.47,0.53,0.53,0.55,0.63,0.59,0.56,0.59,0.50,0.44
172,enerco,puenteguillermo,1.00,1.00,1.00,1.00,1.00,1.00,1.00,1.00,1.00,1.00,1.00,1.00,1.00,1.00,1.00,1.00,1.00,1.00,1.00,1.00,1.00,1.00,1.00,1.00
173,enerco,lacascada(abejorral),0.00,0.00,0.00,0.00,0.00,0.00,0.00,0.00,0.00,0.00,0.00,0.00,0.00,0.00,0.00,0.00,0.00,0.00,0.00,0.00,0.00,0.00,0.00,0.00
174,enerco,santarita,0.00,0.00,0.00,0.00,0.00,0.00,0.00,0.00,0.00,0.00,0.00,0.00,0.00,0.00,0.00,0.00,0.00,0.00,0.00,0.00,0.00,0.00,0.00,0.00
175,enerco,tequendamabiogas,1.50,1.50,1.50,1.50,1.50,1.50,1.50,1.50,1.50,1.50,1.50,1.50,1.50,1.50,1.50,1.50,1.50,1.50,1.50,1.50,1.50,1.50,1.50,1.50
176,energetica,coello,1.00,1.00,1.00,1.00,1.00,1.00,1.00,1.00,1.00,1.00,1.00,1.00,1.00,1.00,1.00,1.00,1.00,1.00,1.00,1.00,1.00,1.00,1.00,1.00
177,energia rio piedras,aguafresca,7.29,7.29,7.29,7.29,7.29,7.29,7.29,7.29,7.29,7.29,7.29,7.29,7.29,7.29,7.29,7.29,7.29,7.29,7.29,7.29,7.29,7.29,7.29,7.29
178,enrevsa e.s.p.,elbosque,1.60,1.60,1.60,1.60,1.60,1.60,1.60,1.60,1.60,1.60,1.60,1.60,1.60,1.60,1.60,1.60,1.60,1.60,1.60,1.60,1.60,1.60,1.60,1.60
179,epsa(pacifico),calima1,33,33,33,33,33,33,33,33,33,33,33,33,33,33,33,33,33,33,33,33,33,33,33,33
180,epsa(pacifico),calima2,33,33,33,33,33,33,33,33,33,33,33,33,33,33,33,33,33,33,33,33,33,33,33,33
181,epsa(pacifico),calima3,33,33,33,33,33,33,33,33,33,33,33,33,33,33,33,33,33,33,33,33,33,33,33,33
182,epsa(pacifico),calima4,33,33,33,33,33,33,33,33,33,33,33,33,33,33,33,33,33,33,33,33,33,33,33,33
183,epsa(pacifico),prado1,15,15,15,15,15,15,15,15,15,15,15,15,15,15,15,15,15,15,15,15,15,15,15,15
184,epsa(pacifico),prado2,16,16,16,16,16,16,16,16,16,16,16,16,16,16,16,16,16,16,16,16,16,16,16,16
185,epsa(pacifico),prado3,15,15,15,15,15,15,15,15,15,15,15,15,15,15,15,15,15,15,15,15,15,15,15,15
186,epsa(pacifico),salvajina1,0,0,0,0,0,0,0,0,0,0,0,0,0,0,0,0,0,0,0,0,0,0,0,0
187,epsa(pacifico),salvajina2,95,95,95,95,95,95,95,95,95,95,95,95,95,95,95,95,95,95,95,95,95,95,95,95
188,epsa(pacifico),salvajina3,95,95,95,95,95,95,95,95,95,95,95,95,95,95,95,95,95,95,95,95,95,95,95,95
189,epsa(pacifico),altoanchicaya1,115,115,115,115,115,115,115,115,115,115,115,115,115,115,115,115,115,115,115,115,115,115,115,115
190,epsa(pacifico),altoanchicaya2,120,120,120,120,120,120,120,120,120,120,120,120,120,120,120,120,120,120,120,120,120,120,120,120
191,epsa(pacifico),altoanchicaya3,120,120,120,120,120,120,120,120,120,120,120,120,120,120,120,120,120,120,120,120,120,120,120,120
192,epsa(pacifico),bajoanchicaya1,0,0,0,0,0,0,0,0,0,0,0,0,0,0,0,0,0,0,0,0,0,0,0,0
193,epsa(pacifico),bajoanchicaya2,0,0,0,0,0,0,0,0,0,0,0,0,0,0,0,0,0,0,0,0,0,0,0,0
194,epsa(pacifico),bajoanchicaya3,0,0,0,0,0,0,0,0,0,0,0,0,0,0,0,0,0,0,0,0,0,0,0,0
195,epsa(pacifico),bajoanchicaya4,0,0,0,0,0,0,0,0,0,0,0,0,0,0,0,0,0,0,0,0,0,0,0,0
196,epsa(pacifico),cucuana1,15,15,15,15,15,15,15,15,15,15,15,15,15,15,15,15,15,15,15,15,15,15,15,15
197,epsa(pacifico),cucuana2,15,15,15,15,15,15,15,15,15,15,15,15,15,15,15,15,15,15,15,15,15,15,15,15
198,epsa(pacifico),prado4,5.00,5.00,5.00,5.00,5.00,5.00,5.00,5.00,5.00,5.00,5.00,5.00,5.00,5.00,5.00,5.00,5.00,5.00,5.00,5.00,5.00,5.00,5.00,5.00
199,epsa(pacifico),riocali1,0.00,0.00,0.00,0.00,0.00,0.00,0.00,0.00,0.00,0.00,0.00,0.00,0.00,0.00,0.00,0.00,0.00,0.00,0.00,0.00,0.00,0.00,0.00,0.00
200,epsa(pacifico),riocali2,0.00,0.00,0.00,0.00,0.00,0.00,0.00,0.00,0.00,0.00,0.00,0.00,0.00,0.00,0.00,0.00,0.00,0.00,0.00,0.00,0.00,0.00,0.00,0.00
201,epsa(pacifico),bajotulua1,7.00,8.00,8.00,8.00,8.00,7.00,7.00,7.00,7.00,7.00,7.00,7.00,7.00,6.00,6.00,7.00,7.00,9.00,7.00,0.00,0.00,0.00,0.00,0.00
202,epsa(pacifico),bajotulua2,7.00,8.00,8.00,8.00,8.00,7.00,7.00,7.00,7.00,7.00,7.00,7.00,7.00,6.00,6.00,7.00,7.00,9.00,7.00,0.00,0.00,0.00,0.00,0.00
203,epsa(pacifico),altotulua1,4.00,4.00,4.00,4.00,4.00,4.00,4.00,4.00,4.00,4.00,4.00,4.00,4.00,4.00,4.00,4.00,5.00,3.00,0.00,0.00,0.00,0.00,0.00,0.00
204,epsa(pacifico),altotulua2,4.00,4.00,4.00,4.00,4.00,4.00,4.00,4.00,4.00,4.00,4.00,4.00,4.00,4.00,4.00,4.00,5.00,3.00,0.00,0.00,0.00,0.00,0.00,0.00
205,epsa(pacifico),nima,5.00,5.00,5.00,5.00,5.00,5.00,5.00,5.00,5.00,5.00,5.00,5.00,5.00,5.00,4.00,4.00,5.00,5.00,5.00,5.00,5.00,5.00,5.00,5.00
206,epsa(pacifico),amaime,9.00,9.00,9.00,9.00,9.00,9.00,9.00,9.00,9.00,9.00,9.00,9.00,9.00,9.00,9.00,9.00,9.00,9.00,9.00,9.00,9.00,9.00,9.00,9.00
207,epsa(pacifico),mayaguez1,3.00,3.00,3.00,3.00,3.00,3.00,3.00,3.00,3.00,3.00,3.00,3.00,3.00,3.00,3.00,3.00,3.00,3.00,3.00,3.00,3.00,3.00,3.00,3.00
208,epsa(pacifico),ingeniomanuelita,0.00,0.00,0.00,0.00,0.00,0.00,0.00,0.00,0.00,0.00,0.00,0.00,0.00,0.00,0.00,0.00,0.00,0.00,0.00,0.00,0.00,0.00,0.00,0.00
209,epsa(pacifico),celsiasolaryumbo,0.00,0.00,0.00,0.00,0.00,0.00,0.00,1.00,2.00,3.00,2.00,6.00,2.00,4.00,3.00,2.00,0.00,0.00,0.00,0.00,0.00,0.00,0.00,0.00
210,essa(santander),corozo1,0.00,0.00,0.00,0.00,0.00,0.00,0.00,0.00,0.00,0.00,0.00,0.00,0.00,0.00,0.00,0.00,0.00,0.00,0.00,0.00,0.00,0.00,0.00,0.00
211,gec s.a. e.s.p.,sanjose,0.00,0.00,0.00,0.00,0.00,0.00,0.00,0.00,0.00,0.00,0.00,0.00,0.00,0.00,0.00,0.00,0.00,0.00,0.00,0.00,0.00,0.00,0.00,0.00
212,gecelca s.a. e.s.p,guajira1,145,145,145,145,145,145,145,145,145,145,145,145,145,145,145,145,145,145,145,145,145,145,145,145
213,gecelca s.a. e.s.p,guajira2,145,145,145,145,145,145,145,145,145,145,145,145,145,145,145,145,145,145,145,145,145,145,145,145
214,gecelca s.a. e.s.p,gecelca3,0,0,0,0,0,0,0,0,0,0,0,0,0,0,0,0,0,0,0,0,0,0,0,0
215,generadora luzma,luzmai1,9.60,9.60,9.60,9.60,9.60,9.60,9.60,9.60,9.60,9.60,9.60,9.60,9.60,9.60,9.60,9.60,9.60,9.60,9.60,9.60,9.60,9.60,9.60,9.60
216,generadora luzma,luzmaii1,0.00,0.00,0.00,0.00,0.00,0.00,0.00,0.00,0.00,0.00,0.00,0.00,0.00,0.00,0.00,0.00,0.00,0.00,0.00,0.00,0.00,0.00,0.00,0.00
217,generadora luzma,luzmaii2,9.60,9.60,9.60,9.60,9.60,9.60,9.60,9.60,9.60,9.60,9.60,9.60,9.60,9.60,9.60,9.60,9.60,9.60,9.60,9.60,9.60,9.60,9.60,9.60
218,generadora luzma,luzmai2,9.60,9.60,9.60,9.60,9.60,9.60,9.60,9.60,9.60,9.60,9.60,9.60,9.60,9.60,9.60,9.60,9.60,9.60,9.60,9.60,9.60,9.60,9.60,9.60
219,generamos energia,urrao,0.80,0.80,0.80,0.80,0.80,0.80,0.80,0.80,0.80,0.80,0.80,0.80,0.80,0.80,0.80,0.80,0.80,0.80,0.80,0.80,0.80,0.80,0.80,0.80
220,generputumayo,sanfrancisco(putumayo),0.20,0.20,0.20,0.20,0.20,0.20,0.20,0.20,0.20,0.20,0.20,0.20,0.20,0.20,0.20,0.20,0.20,0.20,0.20,0.20,0.20,0.46,0.46,0.46
221,generputumayo,lafrisolera,0.20,0.20,0.20,0.20,0.20,0.20,0.20,0.20,0.20,0.20,0.20,0.20,0.20,0.20,0.20,0.20,0.20,0.20,0.20,0.20,0.20,0.20,0.20,0.20
222,genersa,termobolivar1,0.00,0.00,0.00,0.00,0.00,0.00,0.00,0.00,0.00,0.00,0.00,0.00,0.00,0.00,0.00,0.00,0.00,0.00,0.00,0.00,0.00,0.00,0.00,0.00
223,gensa,paipa1,31,31,31,31,31,31,31,31,31,31,31,31,31,31,31,31,31,31,31,31,31,31,31,31
224,gensa,paipa2,70,70,70,70,70,70,70,70,70,70,70,70,70,70,70,70,70,70,70,70,70,70,70,70
225,gensa,paipa3,67,67,67,67,67,67,67,67,67,67,67,67,67,67,67,67,67,67,67,67,67,67,67,67
226,gensa,paipa4,154,154,154,154,154,154,154,154,154,154,154,154,154,154,154,154,154,154,154,154,154,154,154,154
227,hz energy,remedios,0.00,0.00,0.00,0.00,0.00,0.00,0.00,0.00,0.00,0.00,0.00,0.00,0.00,0.00,0.00,0.00,0.00,0.00,0.00,0.00,0.00,0.00,0.00,0.00
228,hz energy,larebusca,0.63,0.63,0.63,0.63,0.63,0.63,0.63,0.63,0.63,0.63,0.63,0.63,0.63,0.63,0.63,0.63,0.63,0.63,0.63,0.63,0.63,0.63,0.63,0.63
229,hz energy,providencia,4.90,4.90,4.90,4.90,4.90,4.90,4.90,4.90,4.90,4.90,4.90,4.90,4.90,4.90,4.90,4.90,4.90,4.90,4.90,4.90,4.90,4.90,4.90,4.90
230,iac energy,lanaveta,4.00,4.00,4.00,4.00,4.00,4.00,4.00,4.00,4.00,4.00,4.00,4.00,4.00,4.00,4.00,4.00,4.00,4.00,4.00,4.00,4.00,4.00,4.00,4.00
231,isagen,jaguas1,85,85,85,85,85,85,85,85,85,85,85,85,85,85,85,85,85,85,85,85,85,85,85,85
232,isagen,jaguas2,85,85,85,85,85,85,85,85,85,85,85,85,85,85,85,85,85,85,85,85,85,85,85,85
233,isagen,sancarlos1,155,155,155,155,155,155,155,155,155,155,155,155,155,155,155,155,155,155,155,155,155,155,155,155
234,isagen,sancarlos2,155,155,155,155,155,155,155,155,155,155,155,155,155,155,155,155,155,155,155,155,155,155,155,155
235,isagen,sancarlos3,155,155,155,155,155,155,155,155,155,155,155,155,155,155,155,155,155,155,155,155,155,155,155,155
236,isagen,sancarlos4,155,155,155,155,155,155,155,155,155,155,155,155,155,155,155,155,155,155,155,155,155,155,155,155
237,isagen,sancarlos5,155,155,155,155,155,155,155,155,155,155,155,155,155,155,155,155,155,155,155,155,155,155,155,155
238,isagen,sancarlos6,155,155,155,155,155,155,155,155,155,155,155,155,155,155,155,155,155,155,155,155,155,155,155,155
239,isagen,sancarlos7,155,155,155,155,155,155,155,155,155,155,155,155,155,155,155,155,155,155,155,155,155,155,155,155
240,isagen,sancarlos8,155,155,155,155,155,155,155,155,155,155,155,155,155,155,155,155,155,155,155,155,155,155,155,155
241,isagen,mieli1,132,132,132,132,132,132,132,132,132,132,132,132,132,132,132,132,132,132,132,132,132,132,132,132
242,isagen,mieli2,132,132,132,132,132,132,132,132,132,132,132,132,132,132,132,132,132,132,132,132,132,132,132,132
243,isagen,mieli3,132,132,132,132,132,132,132,132,132,132,132,132,132,132,132,132,132,132,132,132,132,132,132,132
244,isagen,amoyalaesperanza1,35,35,35,35,35,35,35,35,35,35,35,35,35,35,35,35,35,35,35,35,35,35,35,35
245,isagen,amoyalaesperanza2,35,35,35,35,35,35,35,35,35,35,35,35,35,35,35,35,35,35,35,35,35,35,35,35
246,isagen,sogamoso1,273,273,273,273,273,273,273,273,273,273,273,273,273,273,273,273,273,273,273,273,273,273,273,273
247,isagen,sogamoso2,273,273,273,273,273,273,273,273,273,273,273,273,273,273,273,273,273,273,273,273,273,273,273,273
248,isagen,sogamoso3,273,273,273,273,273,273,273,273,273,273,273,273,273,273,273,273,273,273,273,273,273,273,273,273
249,isagen,cuatricentenario1,0.00,0.00,0.00,0.00,0.00,0.00,0.00,0.00,0.00,0.00,0.00,0.00,0.00,0.00,0.00,0.00,0.00,0.00,0.00,0.00,0.00,0.00,0.00,0.00
250,isagen,termocentrocc,279,279,279,279,279,279,279,279,279,279,279,279,279,279,279,279,279,279,279,279,279,279,279,279
251,isagen,calderas1,1.00,1.00,1.00,1.00,1.00,1.00,1.00,1.00,1.00,2.90,2.90,2.90,2.90,2.90,2.90,2.90,2.90,2.90,2.90,2.90,1.00,1.00,1.00,1.00
252,isagen,calderas2,1.00,1.00,1.00,1.00,1.00,1.00,1.00,1.00,1.00,2.90,2.90,2.90,2.90,2.90,2.90,2.90,2.90,2.90,2.90,2.90,1.00,1.00,1.00,1.00
253,mulcalarca,bayona,0.00,0.00,0.00,0.00,0.00,0.00,0.00,0.00,0.00,0.00,0.00,0.00,0.00,0.00,0.00,0.00,0.00,0.00,0.00,0.00,0.00,0.00,0.00,0.00
254,mulcalarca,campestre(calarca),0.70,0.70,0.70,0.70,0.70,0.70,0.70,0.70,0.70,0.70,0.70,0.70,0.70,0.70,0.70,0.70,0.70,0.70,0.70,0.70,0.70,0.70,0.70,0.70
255,mulcalarca,union,0.60,0.60,0.60,0.60,0.60,0.60,0.60,0.60,0.60,0.60,0.60,0.60,0.60,0.60,0.60,0.60,0.60,0.60,0.60,0.60,0.60,0.60,0.60,0.60
256,pch alejandría,alejandría,7.50,7.50,7.50,7.50,7.50,7.50,7.50,7.50,7.50,7.50,7.50,7.50,7.50,7.50,7.50,7.50,7.50,7.50,7.50,7.50,7.50,7.50,7.50,7.50
257,proelectrica,proelectrica1,45,45,45,45,45,45,45,45,45,45,45,45,45,45,45,45,45,45,45,45,45,45,45,45
258,proelectrica,proelectrica2,45,45,45,45,45,45,45,45,45,45,45,45,45,45,45,45,45,45,45,45,45,45,45,45
259,proenca,proenca,17.00,17.00,17.00,17.00,17.00,17.00,17.00,17.00,17.00,17.00,17.00,17.00,17.00,17.00,17.00,17.00,17.00,17.00,17.00,17.00,17.00,17.00,17.00,17.00
260,proenca,proencaii,0.00,0.00,0.00,0.00,0.00,0.00,0.00,0.00,0.00,0.00,0.00,0.00,0.00,0.00,0.00,0.00,0.00,0.00,0.00,0.00,0.00,0.00,0.00,0.00
261,rioen sas  e.s.p.,centralcastilla1,0.00,0.00,0.00,0.00,0.00,0.00,0.00,0.00,0.00,0.00,0.00,0.00,0.00,0.00,0.00,0.00,0.00,0.00,0.00,0.00,0.00,0.00,0.00,0.00
262,rioen sas  e.s.p.,ingenioriopaila1,0.00,0.00,0.00,0.00,0.00,0.00,0.00,0.00,0.00,0.00,0.00,0.00,0.00,0.00,0.00,0.00,0.00,0.00,0.00,0.00,0.00,0.00,0.00,0.00
263,risaralda energia,morroazul,17.38,17.38,17.38,17.38,17.38,17.38,17.38,17.38,17.38,17.38,17.38,17.38,17.38,17.38,17.38,17.38,17.38,17.38,17.38,17.38,17.38,17.38,17.38,17.38
264,surenergy,purificacion,0.00,0.00,0.00,0.00,0.00,0.00,0.00,0.00,0.00,0.00,0.00,0.00,0.00,0.00,0.00,0.00,0.00,0.00,0.00,0.00,0.00,0.00,0.00,0.00
265,tebsa s.a. (e.s.p.),tebsab,791,791,791,791,791,791,791,791,791,791,791,791,791,791,791,791,791,791,791,791,791,791,791,791
266,tebsa s.a. (e.s.p.),barranquilla3,60,60,60,60,60,60,60,60,60,60,60,60,60,60,60,60,60,60,60,60,60,60,60,60
267,tebsa s.a. (e.s.p.),barranquilla4,55,55,55,55,55,55,55,55,55,55,55,55,55,55,55,55,55,55,55,55,55,55,55,55
268,termo mechero,termomechero5,0.00,0.00,0.00,0.00,0.00,0.00,0.00,0.00,9.00,9.00,9.00,9.00,9.00,9.00,9.00,9.00,0.00,0.00,0.00,0.00,0.00,0.00,0.00,0.00
269,termocandelaria,termocandelaria1,157,157,157,157,157,157,157,157,157,157,157,157,157,157,157,157,157,157,157,157,157,157,157,157
270,termocandelaria,termocandelaria2,157,157,157,157,157,157,157,157,157,157,157,157,157,157,157,157,157,157,157,157,157,157,157,157
271,termoemcali,termoemcali1,213,213,213,213,213,213,213,213,213,213,213,213,213,213,213,213,213,213,213,213,213,213,213,213
272,termopiedras s.a.,termopiedras,3.75,3.75,3.75,3.75,3.75,3.75,3.75,3.75,3.75,3.75,3.75,3.75,3.75,3.75,3.75,3.75,3.75,3.75,3.75,3.75,3.75,3.75,3.75,3.75
273,termotasajero,tasajero1,163,163,163,163,163,163,163,163,163,163,163,163,163,163,163,163,163,163,163,163,163,163,163,163
274,termotasajero dos,tasajero2,165,165,165,165,165,165,165,165,165,165,165,165,165,165,165,165,165,165,165,165,165,165,165,165
275,termovalle,termovalle1,197,197,197,197,197,197,197,197,197,197,197,197,197,197,197,197,197,197,197,197,197,197,197,197
276,termoyopal,termoyopal2,30,30,30,30,30,30,30,30,30,30,30,30,30,30,30,30,30,30,30,30,30,30,30,30
277,termoyopal,termoyopal1,19.90,19.90,19.90,19.90,19.90,19.90,19.90,19.90,19.90,19.90,19.90,19.90,19.90,19.90,19.90,19.90,19.90,19.90,19.90,19.90,19.90,19.90,19.90,19.90
278,urra,urra1,0,0,0,0,0,0,0,0,0,0,0,0,0,0,0,0,0,0,0,0,0,0,0,0
279,urra,urra2,81,81,81,81,81,81,81,81,81,81,81,81,81,81,81,81,81,81,81,81,81,81,81,81
280,urra,urra3,80,80,80,80,80,80,80,80,80,80,80,80,80,80,80,80,80,80,80,80,80,80,80,80
281,urra,urra4,80,80,80,80,80,80,80,80,80,80,80,80,80,80,80,80,80,80,80,80,80,80,80,80
282,vatia s.a.,carloslleras1,17,17,17,17,17,17,17,17,17,17,17,17,17,17,17,17,17,17,17,17,17,17,17,17
283,vatia s.a.,carloslleras2,17,17,17,17,17,17,17,17,17,17,17,17,17,17,17,17,17,17,17,17,17,17,17,17
284,vatia s.a.,florida21,0.00,0.00,0.00,0.00,0.00,0.00,0.00,0.00,0.00,0.00,6.00,6.00,6.00,6.00,6.00,6.00,9.50,9.50,9.50,9.50,9.50,9.50,0.00,0.00
285,vatia s.a.,florida22,6.20,6.20,6.20,6.20,6.20,6.20,6.20,6.20,6.20,6.20,6.00,6.00,6.00,6.00,6.00,6.00,9.50,9.50,9.50,9.50,9.50,9.50,6.20,6.20
286,vatia s.a.,laspalmas1,0.00,0.00,0.00,0.00,0.00,0.00,0.00,0.00,0.00,0.00,0.00,0.00,0.00,0.00,0.00,0.00,0.00,0.00,0.00,0.00,0.00,0.00,0.00,0.00
287,vatia s.a.,laspalmas2,1.20,1.20,1.20,1.20,1.20,1.20,1.20,1.20,1.20,1.20,1.20,1.20,1.20,1.20,1.20,1.20,1.20,1.20,1.20,1.20,1.20,1.20,1.20,1.20
288,vatia s.a.,ovejas,0.00,0.00,0.00,0.00,0.00,0.00,0.00,0.00,0.00,0.00,0.00,0.00,0.00,0.00,0.00,0.00,0.00,0.00,0.00,0.00,0.00,0.00,0.00,0.00
289,vatia s.a.,pastales,0.65,0.65,0.65,0.65,0.65,0.65,0.65,0.65,0.65,0.65,0.65,0.65,0.65,0.65,0.65,0.65,0.65,0.65,0.65,0.65,0.65,0.65,0.65,0.65
290,vatia s.a.,mondomo,0.43,0.43,0.43,0.43,0.43,0.43,0.43,0.43,0.43,0.43,0.43,0.43,0.43,0.43,0.43,0.43,0.43,0.43,0.43,0.43,0.43,0.43,0.43,0.43
291,vatia s.a.,asnazu,0.45,0.45,0.45,0.45,0.45,0.45,0.45,0.45,0.45,0.45,0.45,0.45,0.45,0.45,0.45,0.45,0.45,0.45,0.45,0.45,0.45,0.45,0.45,0.45
292,vatia s.a.,inza,0.00,0.00,0.00,0.00,0.00,0.00,0.00,0.00,0.00,0.00,0.00,0.00,0.00,0.00,0.00,0.00,0.00,0.00,0.00,0.00,0.00,0.00,0.00,0.00
293,vatia s.a.,mirolindo,2.96,2.96,2.96,2.96,2.96,2.96,2.96,2.96,2.96,2.96,2.96,2.96,2.96,2.96,2.96,2.96,2.96,2.96,2.96,2.96,2.96,2.96,2.96,2.96
294,vatia s.a.,sajandi,2.65,2.65,2.65,2.65,2.65,2.65,2.65,2.65,2.65,2.65,2.65,2.65,2.65,2.65,2.65,2.65,2.65,2.65,2.65,2.65,2.65,2.65,2.65,2.65
295,vatia s.a.,silvia,0.35,0.35,0.35,0.35,0.35,0.35,0.35,0.35,0.35,0.35,0.35,0.35,0.35,0.35,0.35,0.35,0.35,0.35,0.35,0.35,0.35,0.35,0.35,0.35
296,vatia s.a.,riorecio,0.00,0.00,0.00,0.00,0.00,0.00,0.00,0.00,0.00,0.00,0.00,0.00,0.00,0.00,0.00,0.00,0.00,0.00,0.00,0.00,0.00,0.00,0.00,0.00
297,vatia s.a.,ventanaa,1.19,1.19,1.19,1.19,1.19,1.19,1.19,1.19,1.19,1.19,1.19,1.19,1.19,1.19,1.19,1.19,1.19,1.19,1.19,1.19,1.19,1.19,1.19,1.19
298,vatia s.a.,ventanab,1.99,1.99,1.99,1.99,1.99,1.99,1.99,1.99,1.99,1.99,1.99,1.99,1.99,1.99,1.99,1.99,1.99,1.99,1.99,1.99,1.99,1.99,1.99,1.99
299,vatia s.a.,riopalo,1.10,1.10,1.10,1.10,1.10,1.10,1.10,1.10,1.10,1.10,1.10,1.10,1.10,1.10,1.10,1.10,1.10,1.10,1.10,1.10,1.10,1.10,1.10,1.10
300,vatia s.a.,santiago,1.52,1.52,1.52,1.52,1.52,1.52,1.52,1.52,1.52,1.52,1.52,1.52,1.52,1.52,1.52,1.52,1.52,1.52,1.52,1.52,1.52,1.52,1.52,1.52
301,vatia s.a.,incauca1,8.50,8.50,8.50,8.50,8.50,8.50,8.50,8.50,8.50,8.50,8.50,8.50,8.50,8.50,8.50,8.50,8.50,8.50,8.50,8.50,8.50,8.50,8.50,8.50
302,vatia s.a.,ingenioprovidencia2,13.80,13.80,13.80,13.80,13.80,13.80,13.80,13.80,13.80,13.80,13.80,13.80,13.80,13.80,13.80,13.80,13.80,13.80,13.80,13.80,13.80,13.80,13.80,13.80
303,zf celsia,flores1,0,0,0,0,0,0,0,0,0,0,0,0,0,0,0,0,0,0,0,0,0,0,0,0
304,zf celsia,flores4b,450,450,450,450,450,450,450,450,450,450,450,450,450,450,450,450,450,450,450,450,450,450,450,450
